,Accuracy,STD
Log. Reg.,0.6536401925391095,0.014225521025077747
RandomForest,0.6435331973002668,0.024910321755326904
SVM,0.6518272903259561,0.016168456766063998
Naive Bayes,0.6475095484748601,0.020356231400334525
XGBClassifier,0.6236331292837336,0.031853189311428935
