,Accuracy,STD
Log. Reg.,0.6725813895352192,0.025961148674332666
RandomForest,0.6598628925254312,0.02381863906711084
SVM,0.674131300117301,0.025498142105209086
Naive Bayes,0.6657538988135301,0.024266639942459232
XGBClassifier,0.6511749322154491,0.0176384794810299
