,Accuracy,STD
Log. Reg.,0.6487332956898174,0.026688515823861694
RandomForest,0.6352682100508188,0.030211562072914044
SVM,0.6474402409185018,0.02721135989522322
Naive Bayes,0.631820063993977,0.032934150716557975
XGBClassifier,0.6113777526821005,0.030902191635862383
