,Accuracy,STD
Log. Reg.,0.6551198468623426,0.016348016351985586
RandomForest,0.6506685901348277,0.023575753930685072
SVM,0.6592173888919713,0.01471681807435748
Naive Bayes,0.6339260944348888,0.019460645806131226
XGBClassifier,0.625004161349387,0.03093897196184917
